source,applicants,pct_reach_phone_screen,pct_reach_offer,pct_hired
Referral,7431,20.091508545283272,6.782398062171982,6.445969586865832
Agency,2598,11.662817551963048,2.117013086989992,2.040030792917629
Event/Conference,2426,9.604286892003296,1.2366034624896949,1.0717230008244023
LinkedIn,17751,7.971381893977804,1.1041631457382683,0.8112219029913807
Company Site,7612,7.632685233841303,1.1429322122963743,0.8013662637940094
Job Board,12320,5.0649350649350655,0.37337662337662336,0.1461038961038961
